[
	{
		"id": 1,
		"priority": 1,
		"action": { "type": "block" },
		"condition": {
			"urlFilter": "||doubleclick.net^",
			"resourceTypes": ["script", "image", "xmlhttprequest", "sub_frame"]
		}
	},
	{
		"id": 2,
		"priority": 1,
		"action": { "type": "block" },
		"condition": {
			"urlFilter": "||facebook.com/tr^",
			"resourceTypes": ["script", "image", "xmlhttprequest"]
		}
	},
	{
		"id": 3,
		"priority": 1,
		"action": { "type": "block" },
		"condition": {
			"urlFilter": "||googletagmanager.com^",
			"resourceTypes": ["script", "image", "xmlhttprequest"]
		}
	}
]